"0","# Load necessary libraries"
"0","library(dplyr)"
"2","Warning: package ‘dplyr’ was built under R version 4.3.3"
"2","
Attaching package: ‘dplyr’

"
"2","The following objects are masked from ‘package:stats’:

    filter, lag

"
"2","The following objects are masked from ‘package:base’:

    intersect, setdiff, setequal, union

"
"0","library(stringr)"
"0","library(readxl)"
"0","library(shiny)"
"0","library(sf)"
"2","Warning: package ‘sf’ was built under R version 4.3.3"
"2","Linking to GEOS 3.11.2, GDAL 3.8.2, PROJ 9.3.1; sf_use_s2() is TRUE
"
"0","library(rsconnect)"
"2","Warning: package ‘rsconnect’ was built under R version 4.3.3"
"2","
Attaching package: ‘rsconnect’

"
"2","The following object is masked from ‘package:shiny’:

    serverInfo

"
"0","library(leaflet)"
"2","Warning: package ‘leaflet’ was built under R version 4.3.3"
